epoch,time,train/box_loss,train/cls_loss,train/dfl_loss,metrics/precision(B),metrics/recall(B),metrics/mAP50(B),metrics/mAP50-95(B),val/box_loss,val/cls_loss,val/dfl_loss,lr/pg0,lr/pg1,lr/pg2
1,313.912,0.88112,1.37343,1.3733,0.77217,0.7401,0.81911,0.65942,0.86204,1.09269,1.48737,0.00332724,0.00332724,0.00332724
2,620.979,0.87483,0.93584,1.34402,0.80729,0.76288,0.82925,0.6233,0.91015,0.90961,1.57529,0.00659463,0.00659463,0.00659463
3,926.239,0.9811,1.05969,1.4268,0.75056,0.67017,0.74734,0.53309,1.05093,1.26028,1.74796,0.00979603,0.00979603,0.00979603
4,1231.23,1.04891,1.1583,1.46996,0.68278,0.65028,0.70657,0.49977,1.0885,1.49127,1.77083,0.009703,0.009703,0.009703
5,1534.84,1.01948,1.10061,1.45137,0.8244,0.71472,0.82101,0.6088,0.98633,1.1104,1.62761,0.009604,0.009604,0.009604
6,1838.86,0.9892,1.04079,1.42049,0.823,0.77866,0.83958,0.63293,0.96489,0.972,1.6071,0.009505,0.009505,0.009505
7,2142.86,0.95546,0.96057,1.39355,0.81135,0.72794,0.84165,0.6485,0.92487,1.00582,1.55427,0.009406,0.009406,0.009406
