epoch,time,train/box_loss,train/cls_loss,train/dfl_loss,metrics/precision(B),metrics/recall(B),metrics/mAP50(B),metrics/mAP50-95(B),val/box_loss,val/cls_loss,val/dfl_loss,lr/pg0,lr/pg1,lr/pg2
1,208.992,0.93914,2.2707,1.39261,0.71488,0.64853,0.69799,0.48489,0.92434,8.34131,1.49675,0.00332724,0.00332724,0.00332724
2,406.305,0.95967,1.56697,1.38846,0.70209,0.65092,0.71064,0.44362,1.14637,2.2298,1.74806,0.00659463,0.00659463,0.00659463
3,601.926,1.04818,1.47544,1.45433,0.67362,0.65248,0.70536,0.45183,1.14107,4.29008,1.82993,0.00979603,0.00979603,0.00979603
4,796.143,1.0897,1.39159,1.48172,0.74805,0.66234,0.73261,0.48408,1.07793,2.08758,1.66117,0.009703,0.009703,0.009703
5,992.551,1.06176,1.26405,1.45995,0.78168,0.71077,0.78119,0.55581,0.99563,1.87265,1.59142,0.009604,0.009604,0.009604
